{"chunk_definitions":[{"row":19,"row_count":1,"visible":true,"expansion_state":0,"options":{"engine":"r","label":"unnamed-chunk-18","dev":"png"},"document_id":"8D7D1F7F","chunk_id":"cs1nun9wly221","chunk_label":"unnamed-chunk-1"},{"row":36,"row_count":1,"visible":true,"expansion_state":0,"options":{"engine":"r","label":"import-data","dev":"png"},"document_id":"8D7D1F7F","chunk_id":"cgmy7wlp0tqyl","chunk_label":"import-data"},{"row":83,"row_count":1,"visible":true,"expansion_state":0,"options":{"engine":"r","label":"long-format-new","dev":"png"},"document_id":"8D7D1F7F","chunk_id":"cu2e8h87igpys","chunk_label":"long-format-new"},{"row":99,"row_count":1,"visible":true,"expansion_state":0,"options":{"engine":"r","label":"long-format-total","dev":"png"},"document_id":"8D7D1F7F","chunk_id":"cpzeiqhort9hg","chunk_label":"long-format-total"},{"row":119,"row_count":1,"visible":true,"expansion_state":0,"options":{"engine":"r","label":"join-datasets","dev":"png"},"document_id":"8D7D1F7F","chunk_id":"cuz01npam5bce","chunk_label":"join-datasets"},{"row":133,"row_count":1,"visible":true,"expansion_state":0,"options":{"engine":"r","label":"unnamed-chunk-17","dev":"png"},"document_id":"8D7D1F7F","chunk_id":"cu7i2w6f1epmm","chunk_label":"unnamed-chunk-2"},{"row":149,"row_count":1,"visible":true,"expansion_state":0,"options":{"engine":"r","label":"pivot-population-data","dev":"png"},"document_id":"8D7D1F7F","chunk_id":"cxfeerdajr3ca","chunk_label":"pivot-population-data"},{"row":161,"row_count":1,"visible":true,"expansion_state":0,"options":{"engine":"r","label":"join-population-data","dev":"png"},"document_id":"8D7D1F7F","chunk_id":"cd12m8k9ecg8n","chunk_label":"join-population-data"},{"row":183,"row_count":1,"visible":true,"expansion_state":0,"options":{"engine":"r","label":"calculate-rates","dev":"png"},"document_id":"8D7D1F7F","chunk_id":"cok10jf8xo875","chunk_label":"calculate-rates"},{"row":202,"row_count":1,"visible":true,"expansion_state":0,"options":{"engine":"r","label":"plot-incidence-rate","dev":"png"},"document_id":"8D7D1F7F","chunk_id":"c2ov4ik7flvor","chunk_label":"plot-incidence-rate"},{"row":216,"row_count":1,"visible":true,"expansion_state":0,"options":{"engine":"r","label":"plot-prevalence-rate","dev":"png"},"document_id":"8D7D1F7F","chunk_id":"ckt0aozcag43z","chunk_label":"plot-prevalence-rate"},{"row":230,"row_count":1,"visible":true,"expansion_state":0,"options":{"engine":"r","label":"get-continent-data","dev":"png"},"document_id":"8D7D1F7F","chunk_id":"chqqdg5vdzf7z","chunk_label":"get-continent-data"},{"row":242,"row_count":1,"visible":true,"expansion_state":0,"options":{"engine":"r","label":"merge-continent-data","dev":"png"},"document_id":"8D7D1F7F","chunk_id":"cqb4p3l11n9tc","chunk_label":"merge-continent-data"},{"row":257,"row_count":1,"visible":true,"expansion_state":0,"options":{"engine":"r","label":"highest-prevalence","dev":"png"},"document_id":"8D7D1F7F","chunk_id":"cscdq9799yzhb","chunk_label":"highest-prevalence"},{"row":269,"row_count":1,"visible":true,"expansion_state":0,"options":{"engine":"r","label":"bar-chart-prevalence","dev":"png"},"document_id":"8D7D1F7F","chunk_id":"cspcc5aw0fdyx","chunk_label":"bar-chart-prevalence"}],"doc_write_time":1731854074}