"0","# Review data classes of the newly converted variables"
"0","glimpse(ir_clean)"
"1","Rows: 1,000"
"1",""
"1","
"
"1","Columns: 16"
"1",""
"1","
"
"1","$ mth_interview          [3m[38;5;246m<dbl>[39m[23m 9, 9, 9, 9, 9, 9, 9, 9, 9, 9, 9, 9, 9, 9, 9, 9, 9, 9, 9, 9, 9, 9, 9, 9, 9, 9, 9, 9, 9, 9, 9, 9, 9,…
$ yr_interview           [3m[38;5;246m<dbl>[39m[23m 2018, 2018, 2018, 2018, 2018, 2018, 2018, 2018, 2018, 2018, 2018, 2018, 2018, 2018, 2018, 2018, 20…
$ mth_birth              [3m[38;5;246m<dbl>[39m[23m 3, 6, 5, 11, 5, 2, 7, 1, 4, 9, 12, 2, 9, 8, 5, 7, 11, 5, 7, 7, 1, 6, 6, 3, 5, 7, 4, 4, 1, 2, 11, 1…
$ yr_birth               [3m[38;5;246m<dbl>[39m[23m 1978, 2002, 1981, 1990, 1989, 1991, 1991, 1994, 1983, 1983, 1991, 2003, 1986, 1978, 1983, 1984, 19…
$ age                    [3m[38;5;246m<dbl>[39m[23m 40, 16, 37, 27, 29, 27, 27, 24, 35, 35, 26, 15, 32, 40, 35, 34, 40, 20, 25, 30, 45, 19, 42, 28, 26…
$ age_group              [3m[38;5;246m<fct>[39m[23m 40-44, 15-19, 35-39, 25-29, 25-29, 25-29, 25-29, 20-24, 35-39, 35-39, 25-29, 15-19, 30-34, 40-44, …
$ region                 [3m[38;5;246m<fct>[39m[23m north central, north central, north central, north central, north central, north central, north ce…
$ urban_rural            [3m[38;5;246m<fct>[39m[23m urban, urban, urban, urban, urban, urban, urban, urban, urban, urban, urban, urban, urban, urban, …
$ highest_educ           [3m[38;5;246m<fct>[39m[23m higher, secondary, higher, higher, secondary, secondary, secondary, secondary, no education, secon…
$ religion               [3m[38;5;246m<fct>[39m[23m other christian, other christian, catholic, other christian, other christian, catholic, other chri…
$ wealth_index           [3m[38;5;246m<fct>[39m[23m richest, richest, richest, richest, richest, richest, richest, richest, richer, richest, richest, …
$ num_kids               [3m[38;5;246m<dbl>[39m[23m 3, 0, 3, 1, 0, 1, 0, 1, 4, 0, 0, 0, 1, 2, 2, 1, 0, 1, 2, 3, 1, 0, 0, 3, 1, 2, 1, 0, 0, 2, 6, 0, 2,…
$ age_first_birth        [3m[38;5;246m<dbl>[39m[23m 22, NA, 28, 26, NA, 25, NA, 21, 20, NA, NA, NA, 30, 21, 32, 32, NA, 19, 15, 20, 23, NA, NA, 23, 24…
$ curr_pregnant          [3m[38;5;246m<fct>[39m[23m no or unsure, no or unsure, no or unsure, no or unsure, no or unsure, yes, no or unsure, no or uns…
$ age_first_cohabitation [3m[38;5;246m<dbl>[39m[23m 21, NA, 28, 26, NA, 22, NA, 21, 18, NA, NA, NA, 28, 20, 30, 30, 24, 16, 13, 17, 21, NA, 12, 20, 24…
$ age_first_sex          [3m[38;5;246m<fct>[39m[23m 21, not had sex, 14, 17, 17, 10, 20, 15, 15, 18, 18, not had sex, 19, 20, 18, 16, 20, 17, 14, 18, …"
"1",""
"1","
"
