"0","# Reading in the .dta file"
"0","ir_raw <- "
"0","  haven::read_dta(here(""data/NGIR7BFL_mini.DTA""),"
"0","                  "
"0","                  # Provide a vector of column names"
"0","                  col_select = c("
"0","                    # Basic socio-demographic variables"
"0","                    v006, v007, v009, v010, v012, v013, "
"0","                    v024, v025, v106, v130, v190,   "
"0","                    # Fertility and reproductive timing"
"0","                    v201, v212, v213, v511, v531))"
