"0","# Renaming the variables"
"0","ir_renamed <- "
"0","  ir_raw %>% "
"0","  rename(mth_interview = v006,"
"0","         yr_interview = v007,"
"0","         mth_birth = v009,"
"0","         yr_birth = v010,"
"0","         age = v012,"
"0","         age_group = v013,"
"0","         region = v024,"
"0","         urban_rural = v025,"
"0","         highest_educ = v106,"
"0","         religion = v130,"
"0","         wealth_index = v190,"
"0","         num_kids = v201,"
"0","         age_first_birth = v212,"
"0","         curr_pregnant = v213,"
"0","         age_first_cohabitation = v511,"
"0","         age_first_sex = v531)"
