{"chunk_definitions":[{"row":15,"row_count":1,"visible":true,"expansion_state":0,"options":{"engine":"r","echo":false,"label":"unnamed-chunk-22","dev":"png"},"document_id":"CCFA0CE0","chunk_id":"cyogs981mvsih","chunk_label":"unnamed-chunk-1"},{"row":47,"row_count":1,"visible":true,"expansion_state":0,"options":{"engine":"r","label":"unnamed-chunk-23","dev":"png"},"document_id":"CCFA0CE0","chunk_id":"czjya0gliagfv","chunk_label":"unnamed-chunk-2"},{"row":73,"row_count":1,"visible":true,"expansion_state":0,"options":{"engine":"r","label":"unnamed-chunk-24","dev":"png"},"document_id":"CCFA0CE0","chunk_id":"c11tfnupn3m69","chunk_label":"unnamed-chunk-3"},{"row":78,"row_count":1,"visible":true,"expansion_state":0,"options":{"engine":"r","label":"unnamed-chunk-25","dev":"png"},"document_id":"CCFA0CE0","chunk_id":"cktm1iyxbwkl0","chunk_label":"unnamed-chunk-4"},{"row":91,"row_count":1,"visible":true,"expansion_state":0,"options":{"engine":"r","label":"unnamed-chunk-26","dev":"png"},"document_id":"CCFA0CE0","chunk_id":"cl55x9xrlptui","chunk_label":"unnamed-chunk-5"},{"row":119,"row_count":1,"visible":true,"expansion_state":0,"options":{"engine":"r","label":"unnamed-chunk-27","dev":"png"},"document_id":"CCFA0CE0","chunk_id":"cz5c1i5hruelv","chunk_label":"unnamed-chunk-6"},{"row":126,"row_count":1,"visible":true,"expansion_state":0,"options":{"engine":"r","label":"unnamed-chunk-28","dev":"png"},"document_id":"CCFA0CE0","chunk_id":"ccsolxtkd9gn8","chunk_label":"unnamed-chunk-7"},{"row":135,"row_count":1,"visible":true,"expansion_state":0,"options":{"engine":"r","label":"unnamed-chunk-29","dev":"png"},"document_id":"CCFA0CE0","chunk_id":"c5crquo5jrs6q","chunk_label":"unnamed-chunk-8"},{"row":148,"row_count":1,"visible":true,"expansion_state":0,"options":{"engine":"r","label":"unnamed-chunk-30","dev":"png"},"document_id":"CCFA0CE0","chunk_id":"cqvt6tdxgyjam","chunk_label":"unnamed-chunk-9"},{"row":157,"row_count":1,"visible":true,"expansion_state":0,"options":{"engine":"r","label":"unnamed-chunk-31","dev":"png"},"document_id":"CCFA0CE0","chunk_id":"cbbzvuanawj0y","chunk_label":"unnamed-chunk-10"}],"doc_write_time":1733669419,"chunk_rendered_width":700}